{
  "I": {
    "0": {
      "v2": 0.5290661454200745,
      "v3": 0.4082332253456116,
      "gap": 0.12083292007446289
    },
    "1": {
      "v2": 2.6731929779052734,
      "v3": 0.6914075613021851,
      "gap": 1.9817854166030884
    },
    "2": {
      "v2": 2.6127195358276367,
      "v3": 3.091618537902832,
      "gap": -0.4788990020751953
    },
    "3": {
      "v2": 1.484851360321045,
      "v3": 2.7710745334625244,
      "gap": -1.2862231731414795
    },
    "4": {
      "v2": 3.004207134246826,
      "v3": 2.662071466445923,
      "gap": 0.3421356678009033
    },
    "5": {
      "v2": 3.038126230239868,
      "v3": 1.0979955196380615,
      "gap": 1.9401307106018066
    },
    "6": {
      "v2": 3.259066104888916,
      "v3": 4.088733673095703,
      "gap": -0.8296675682067871
    },
    "7": {
      "v2": 3.390930652618408,
      "v3": 5.138024806976318,
      "gap": -1.7470941543579102
    },
    "8": {
      "v2": 3.70145583152771,
      "v3": 5.259387016296387,
      "gap": -1.5579311847686768
    },
    "9": {
      "v2": 3.395704746246338,
      "v3": 5.5413994789123535,
      "gap": -2.1456947326660156
    },
    "10": {
      "v2": 3.508840560913086,
      "v3": 5.9266157150268555,
      "gap": -2.4177751541137695
    },
    "11": {
      "v2": 4.235039234161377,
      "v3": 6.084661960601807,
      "gap": -1.8496227264404297
    },
    "12": {
      "v2": 3.9137303829193115,
      "v3": 5.4403581619262695,
      "gap": -1.526627779006958
    },
    "13": {
      "v2": 4.3630266189575195,
      "v3": 5.965446472167969,
      "gap": -1.6024198532104492
    },
    "14": {
      "v2": 4.490153789520264,
      "v3": 5.879425048828125,
      "gap": -1.3892712593078613
    },
    "15": {
      "v2": 3.993863105773926,
      "v3": 5.7530388832092285,
      "gap": -1.7591757774353027
    },
    "16": {
      "v2": 3.9380433559417725,
      "v3": 5.608092784881592,
      "gap": -1.6700494289398193
    },
    "17": {
      "v2": 4.737396240234375,
      "v3": 6.40414571762085,
      "gap": -1.6667494773864746
    },
    "18": {
      "v2": 4.196692943572998,
      "v3": 6.143190383911133,
      "gap": -1.9464974403381348
    },
    "19": {
      "v2": 4.551206588745117,
      "v3": 6.37476921081543,
      "gap": -1.8235626220703125
    },
    "20": {
      "v2": 4.850509166717529,
      "v3": 6.583654880523682,
      "gap": -1.7331457138061523
    }
  },
  "want": {
    "0": {
      "v2": 0.4345510005950928,
      "v3": 0.43821412324905396,
      "gap": -0.0036631226539611816
    },
    "1": {
      "v2": 0.5931723117828369,
      "v3": 0.5978999137878418,
      "gap": -0.004727602005004883
    },
    "2": {
      "v2": 0.9125791788101196,
      "v3": 1.9259601831436157,
      "gap": -1.013381004333496
    },
    "3": {
      "v2": 1.592795491218567,
      "v3": 2.2730562686920166,
      "gap": -0.6802607774734497
    },
    "4": {
      "v2": 1.9096980094909668,
      "v3": 2.8906896114349365,
      "gap": -0.9809916019439697
    },
    "5": {
      "v2": 1.857504963874817,
      "v3": 3.540983200073242,
      "gap": -1.6834782361984253
    },
    "6": {
      "v2": 2.2273049354553223,
      "v3": 3.448601007461548,
      "gap": -1.2212960720062256
    },
    "7": {
      "v2": 2.3074536323547363,
      "v3": 3.570249557495117,
      "gap": -1.2627959251403809
    },
    "8": {
      "v2": 2.6038401126861572,
      "v3": 3.3890485763549805,
      "gap": -0.7852084636688232
    },
    "9": {
      "v2": 2.550502300262451,
      "v3": 3.8622119426727295,
      "gap": -1.3117096424102783
    },
    "10": {
      "v2": 2.469857931137085,
      "v3": 3.905379056930542,
      "gap": -1.435521125793457
    },
    "11": {
      "v2": 3.0686447620391846,
      "v3": 3.995511770248413,
      "gap": -0.9268670082092285
    },
    "12": {
      "v2": 3.0162551403045654,
      "v3": 3.7696807384490967,
      "gap": -0.7534255981445312
    },
    "13": {
      "v2": 2.7359468936920166,
      "v3": 3.9413859844207764,
      "gap": -1.2054390907287598
    },
    "14": {
      "v2": 3.1095468997955322,
      "v3": 4.150143146514893,
      "gap": -1.0405962467193604
    },
    "15": {
      "v2": 3.246854066848755,
      "v3": 3.9269320964813232,
      "gap": -0.6800780296325684
    },
    "16": {
      "v2": 3.2986273765563965,
      "v3": 4.455760955810547,
      "gap": -1.1571335792541504
    },
    "17": {
      "v2": 3.353010416030884,
      "v3": 4.457813262939453,
      "gap": -1.1048028469085693
    },
    "18": {
      "v2": 3.6442813873291016,
      "v3": 4.393899917602539,
      "gap": -0.7496185302734375
    },
    "19": {
      "v2": 3.723782777786255,
      "v3": 4.443981170654297,
      "gap": -0.720198392868042
    },
    "20": {
      "v2": 4.194284439086914,
      "v3": 4.733772277832031,
      "gap": -0.5394878387451172
    }
  },
  "to": {
    "0": {
      "v2": 0.5256237983703613,
      "v3": 0.43742313981056213,
      "gap": 0.0882006585597992
    },
    "1": {
      "v2": 0.41148099303245544,
      "v3": 0.351142019033432,
      "gap": 0.06033897399902344
    },
    "2": {
      "v2": 0.820225715637207,
      "v3": 0.3902261555194855,
      "gap": 0.42999956011772156
    },
    "3": {
      "v2": 1.0414220094680786,
      "v3": 0.48158302903175354,
      "gap": 0.5598389804363251
    },
    "4": {
      "v2": 0.811063289642334,
      "v3": 0.9702866673469543,
      "gap": -0.15922337770462036
    },
    "5": {
      "v2": 0.6890210509300232,
      "v3": 0.4808734953403473,
      "gap": 0.2081475555896759
    },
    "6": {
      "v2": 0.5734465718269348,
      "v3": 0.8279597163200378,
      "gap": -0.254513144493103
    },
    "7": {
      "v2": 1.2701168060302734,
      "v3": 0.30625492334365845,
      "gap": 0.963861882686615
    },
    "8": {
      "v2": 0.8838439583778381,
      "v3": 1.2711151838302612,
      "gap": -0.3872712254524231
    },
    "9": {
      "v2": 1.7021985054016113,
      "v3": 0.40679219365119934,
      "gap": 1.295406311750412
    },
    "10": {
      "v2": 1.2715680599212646,
      "v3": 2.085139751434326,
      "gap": -0.8135716915130615
    },
    "11": {
      "v2": 0.6706224083900452,
      "v3": 0.9201167821884155,
      "gap": -0.24949437379837036
    },
    "12": {
      "v2": 2.0541045665740967,
      "v3": 0.9559495449066162,
      "gap": 1.0981550216674805
    },
    "13": {
      "v2": 0.6964987516403198,
      "v3": 1.4649591445922852,
      "gap": -0.7684603929519653
    },
    "14": {
      "v2": 1.8830249309539795,
      "v3": 0.5969153046607971,
      "gap": 1.2861096262931824
    },
    "15": {
      "v2": 0.4606969952583313,
      "v3": 0.3759477138519287,
      "gap": 0.08474928140640259
    },
    "16": {
      "v2": 1.9334983825683594,
      "v3": 2.841069459915161,
      "gap": -0.9075710773468018
    },
    "17": {
      "v2": 0.5781579613685608,
      "v3": 1.6727968454360962,
      "gap": -1.0946388840675354
    },
    "18": {
      "v2": 1.0139862298965454,
      "v3": 1.5715856552124023,
      "gap": -0.5575994253158569
    },
    "19": {
      "v2": 0.50432950258255,
      "v3": 2.7505550384521484,
      "gap": -2.2462255358695984
    },
    "20": {
      "v2": 0.6653943657875061,
      "v3": 2.897500991821289,
      "gap": -2.232106626033783
    }
  },
  "write": {
    "0": {
      "v2": 2.2869150638580322,
      "v3": 2.3028159141540527,
      "gap": -0.015900850296020508
    },
    "1": {
      "v2": 0.3339400887489319,
      "v3": 1.132414698600769,
      "gap": -0.7984746098518372
    },
    "2": {
      "v2": 1.7433956861495972,
      "v3": 3.9222097396850586,
      "gap": -2.1788140535354614
    },
    "3": {
      "v2": 2.57094669342041,
      "v3": 4.022852897644043,
      "gap": -1.4519062042236328
    },
    "4": {
      "v2": 2.209423542022705,
      "v3": 4.234245777130127,
      "gap": -2.024822235107422
    },
    "5": {
      "v2": 3.01875638961792,
      "v3": 4.674530506134033,
      "gap": -1.6557741165161133
    },
    "6": {
      "v2": 2.564464569091797,